Origin,flights,avg_arr_delay,pct_delayed
SCK,4653,20.642150537634407,34.128519234902214
HTS,3720,21.605987055016183,32.123655913978496
MMH,1091,24.02474793767186,31.805682859761685
HGR,1371,21.14568081991215,31.291028446389497
LCK,7016,19.034290612944705,30.416191562143673
USA,6707,18.257138585737778,30.01341881616222
BLV,7439,18.323580962653363,28.565667428417797
PSM,2389,14.00335711288292,28.25449979070741
HYA,1168,19.004288164665525,27.73972602739726
ASE,54199,16.840880025207124,27.21267920072326
BQN,18691,12.791449873947325,27.14140495425606
OTH,3228,20.490530891027632,27.106567534076824
SWF,9046,14.069382770870337,27.083793942073846
MVY,6103,16.742523825172526,26.446010158938225
RFD,5113,13.095667516173298,25.523176217484846
IAG,4798,11.51892909433173,25.03126302626094
PVU,8170,13.59970566593083,24.761321909424723
ORH,9447,11.821527334609657,24.505133904943367
TTN,21764,9.9342329480035,24.283219996324203
ACK,10465,14.259773859716367,24.099378881987576
AKN,1808,3.079020589872009,23.23008849557522
EWR,1142315,7.257106744901497,23.222928876885973
PBG,6633,11.15158850226929,23.156942559927636
MIA,842567,8.706725120790773,22.876756388512725
PSE,7149,6.727654805267582,22.772415722478666
FLL,849264,8.319265840542437,22.685172101961225
HDN,15527,8.311519845111325,22.676627809621948
SFB,64426,8.969755048616305,22.6275106323534
UIN,1535,12.770588235294118,22.54071661237785
EGE,22811,13.093896298913524,22.313795975625794
SMX,2407,13.810058187863675,22.26838388034898
DFW,2540155,8.695288827280683,22.10908389448675
MCO,1331619,8.513277167457314,21.96739457757812
CKB,4704,14.65266524520256,21.96003401360544
HPN,89027,8.918274163181096,21.83719545755782
ORD,2662268,7.093154163046618,21.795288828923308
DAL,657436,6.325171461804301,21.72728600198346
PGV,1059,9.322549952426261,21.718602455146367
PGD,39798,8.86833341742772,21.659379868335094
MDW,778670,5.150749014251675,21.534282815570137
DLG,1643,4.222763237979306,21.424223980523433
SJU,272070,8.342616534918978,21.412871687433384
JFK,1058319,3.719429763639568,21.319564327957828
PBI,238820,8.479545626402064,21.26706306004522
DEN,2435963,6.310790482160328,21.24297454435884
MEI,8276,12.344155057540885,21.169647172547123
GRI,7884,10.60810294305007,20.979198376458648
LAS,1557112,5.8584433447061635,20.85617476456414
EYW,53341,9.673416142022575,20.7888865975516
BWI,909464,4.928051958067768,20.64831593114186
JAC,45193,9.635402523982282,20.540791715531167
SUX,6800,7.893532191376255,20.455882352941178
COU,13515,10.823507601038191,20.44395116537181
LGA,1246208,3.032567171551005,20.42989613290879
HOU,524716,5.387128251545809,20.280494591359897
ACV,15249,12.095407056968263,20.22427700177061
GUC,4960,9.730948049322821,20.201612903225808
CLT,1743839,6.068298928343418,20.08356276009425
BOS,1219551,3.9095391098322083,20.03220857512314
SFO,1419347,4.890606459559946,20.015330993759804
AVL,72199,7.421429067425874,20.0127425587612
BET,7752,4.2988772744870305,20.007739938080498
AZA,38557,5.714501471239226,19.954872007676947
PIE,52213,5.882286241423712,19.88968264608431
PRC,4657,11.211149375807146,19.8840455228688
CRW,30682,8.485721753904464,19.610846750537775
PHL,867755,3.795999159030945,19.55448254403605
XWA,6923,11.201101130107215,19.529105878954212
MTJ,19305,5.956055957148058,19.33177933177933
SPI,11296,8.2520195295162,19.30771954674221
SRQ,93872,7.6421023389001075,19.287966592807226
BGR,28627,4.877326416879885,19.25804310615852
LWB,2911,11.048687845303867,19.031260735142563
SGF,64913,7.477272376006553,19.028545899896784
TOL,8358,5.4233489152583,18.83225652069873
STT,45176,4.637216345719193,18.793164512130332
BTV,61204,5.960339432858804,18.738971309064766
CMX,6776,11.593583678296866,18.698347107438014
JLN,6889,7.956934306569343,18.667440847728262
FSD,60538,6.315112699831198,18.64779146982061
IAH,1338521,5.299830335172305,18.620477377642935
PIA,36624,6.987480824019285,18.616207951070336
CHO,31752,7.1447925219478305,18.584656084656086
SBP,42360,7.577336172226165,18.571765816808313
HHH,13806,7.0538355066656955,18.571635520788064
AUS,630893,5.731595666952572,18.566698314928203
DCA,1045925,3.7651918981654524,18.53536343428066
SLN,5111,12.972008673368816,18.528663666601446
MQT,9521,10.954550236717518,18.527465602352695
LAX,1933498,3.300774815162795,18.431050872563613
DRO,28375,7.104926491376873,18.42114537444934
TVC,35653,6.378248532014722,18.379939977000532
OGS,2064,14.200777831793875,18.362403100775193
STL,566292,4.28007992877914,18.350603575540532
SAF,16659,7.400144630589369,18.31442463533225
PWM,87576,5.605681519039498,18.280122407965653
RDU,472604,5.1815267039598965,18.276400538294215
COS,97647,6.489337661270441,18.26272184501316
MSY,455014,5.01975716029095,18.22603260559016
STX,10789,4.686343776145765,18.222263416442676
CID,71448,6.338597918478413,18.221643712910087
FWA,53138,6.4569671357959475,18.196017915615943
ROA,22017,6.402248111404387,18.17686333287914
RIC,176128,4.863985066812356,18.152139353197676
ISP,46834,4.092304399015306,18.142802237690567
OAK,444648,3.3738640228287773,18.138617513178964
BNA,718414,4.28024503792619,18.127013115000544
SHV,51682,6.9801373317298365,18.066251306064007
TPA,694662,5.1323718064343895,18.02128229268335
BPT,7075,7.3015310462149134,18.021201413427562
LAW,10752,7.21356783919598,17.996651785714285
RSW,322703,5.06297644712563,17.96605547515827
XNA,98113,6.11977718724448,17.90588403167776
COD,6307,7.216568611861981,17.900745203741874
SBN,56671,4.912435627444387,17.846870533429797
CVG,325383,4.395206407886629,17.766140210152344
MGM,27778,6.394968598859453,17.701058391532868
FAR,53703,5.887362586087833,17.68802487756736
PHX,1620456,3.622230221211216,17.664348800584527
FNT,32538,4.193446056238258,17.600958878849347
STS,21751,5.925635827497236,17.571605903176867
ACY,31161,3.83707756678468,17.521902377972467
IAD,488626,3.549589514205495,17.506641071085042
GRK,23947,6.132185109318172,17.46774126195348
CAK,44518,4.863138439345445,17.467091962801565
SYR,98977,3.4373924312065927,17.465673843418166
BTR,57677,6.4311885146174435,17.44716264715571
SAV,136159,5.196094601360705,17.387025462877958
SAN,799416,3.064897901859385,17.359422378336188
SCE,10259,5.616790461297889,17.311628813724532
LFT,36106,6.52595184537199,17.290754999169113
BZN,72461,4.219716164762894,17.269979713225045
GGG,6439,5.973397635345364,17.25423202360615
ORF,171122,4.948850423219986,17.23098140507942
MRY,34895,6.497329888027562,17.174380283708267
SEA,1428679,1.9433139871379252,17.16424753216083
MYR,109379,3.7995455669876406,17.16325802942064
FSM,14436,5.803288925895087,17.144638403990026
ABI,15768,4.893086153260111,17.142313546423136
ATW,41164,4.733393330576703,17.141191332232047
TYR,11455,3.900270718714523,17.08424268878219
VPS,74647,5.391383854138654,17.06833496322692
GRR,143979,3.7556276363231382,17.061515915515457
SBA,64262,5.173543405350597,17.056736485014472
RNO,173022,4.247223686573476,17.037139785691995
JAX,245181,4.924462490901805,17.022526215326636
AEX,24835,5.349842576895132,16.972015300986513
BUR,248799,3.310733552777364,16.9482192452542
MLI,36971,4.7289909699812895,16.93759974033702
CHS,199453,4.422120806988269,16.898216622462435
MEM,191471,4.433737021503856,16.89028625744891
AGS,34619,5.73072696778671,16.87512637568965
MFE,36190,6.396927760863548,16.85824813484388
BMI,23107,4.19102781031715,16.856363872419614
LIT,107115,4.435933186730923,16.801568407786025
RAP,42055,5.536617366412214,16.785162287480677
BUF,189816,3.3248953610505594,16.77045138449867
ACT,13022,4.537261831591887,16.763937951159576
CLE,379970,2.891053826858302,16.75711240361081
TYS,118368,3.948289598589639,16.690321708569883
SDF,177469,4.078924770061693,16.67446145524007
BHM,144698,4.610449199121147,16.645012370592543
BDL,218821,2.2942348930554792,16.640541812714503
MKG,5073,2.613882863340564,16.637098363887244
ALB,101366,2.3933704608627697,16.60517333228104
ROC,102422,3.354895515379197,16.590185702290526
LBE,9240,1.7789815817984833,16.58008658008658
CHA,57628,5.3956768224819145,16.578746442701465
PVD,136167,2.7068651924507185,16.56862529100296
SJT,13300,4.254234736128886,16.563909774436087
BIS,34336,4.726383127884559,16.562791239515377
AMA,43297,5.092382120784241,16.560038801764556
RST,21684,4.002587202587202,16.514480723113817
DSM,124935,4.178684869096509,16.504582382839075
MCW,2200,7.730541647701411,16.5
MDT,45724,4.126518174244749,16.485871752252645
PAE,10000,3.209533366783743,16.470000000000002
FAT,99891,5.569087732685396,16.453934788919923
CMI,14316,2.686488758142467,16.450125733445095
BRW,5919,1.1598374534371825,16.438587599256632
EVV,28114,3.490152704438419,16.41886604538664
SHD,3290,10.544180377818403,16.41337386018237
ALO,4143,3.627536231884058,16.389090031378228
LEX,71082,4.0855092488157005,16.388115134633242
ABQ,203977,3.544434124070552,16.36753163346848
MOB,40321,4.848846756736583,16.36120135909328
GCK,6153,7.113121434392828,16.317243620997886
PSP,114917,3.7348008934492025,16.31525361782852
RDD,11792,5.249341825902335,16.28222523744912
LAN,22008,4.578343949044586,16.23046165030898
LGB,138555,2.5423107777030984,16.205117101512034
ABE,36510,3.450866734430373,16.173651054505616
CMH,340636,2.1313171437903304,16.15184537159901
DAY,83500,3.0205078945788557,16.149700598802394
IND,372477,2.640156744958405,16.14542642901441
SHR,3119,6.730025773195877,16.126963770439243
RIW,2439,10.869493618773157,16.113161131611317
DHN,11062,3.678219165686363,16.09112276261074
GSO,91840,2.4001854680340386,16.08558362369338
PIB,6360,7.629255989911727,16.08490566037736
LBB,53964,4.986702572197975,16.084797272255578
ATL,3437993,2.9671468141137347,16.074000150669303
SNA,397012,2.5672953273625305,16.062990539328787
DTW,1292739,2.027039473429184,15.988455519636988
MSO,35775,5.09353889278206,15.974842767295597
MKE,275271,2.0884275222743707,15.955912537099803
ESC,6308,8.402510726203719,15.948002536461637
RDM,47535,5.505144857251297,15.925107815293993
ELP,142920,4.259695524063421,15.9151973131822
ATY,1678,6.911976047904192,15.911799761620976
SPS,8986,4.594742118747911,15.902515023369688
TXK,8885,5.074099099099099,15.880697805289815
EUG,56974,4.955462524845649,15.856355530592904
ONT,210935,3.203845094631682,15.847061891103895
ICT,87949,3.9717995189732016,15.819395331385236
SMF,457429,2.832183852662057,15.81535057899696
ROW,9454,6.87633781922221,15.802834778929553
PNS,97921,4.357829276288829,15.765770365907212
GNV,32251,4.924887299860097,15.74214753030914
OKC,192000,3.383302876833916,15.703645833333333
ITH,6788,4.603511878412276,15.67472009428403
DLH,22019,5.628920810982817,15.668286479858304
MSN,102568,3.5239472116126636,15.657904999610015
AVP,20510,3.9228324123429017,15.646026328620186
HYS,7537,7.879984051036683,15.629560833222767
MCI,447006,2.297891663527259,15.609186453873104
HSV,67083,3.286164696741031,15.59709613463918
CNY,3816,6.595476065228827,15.59224318658281
OMA,208514,2.242881933595158,15.572575462558868
FOD,2216,5.437556561085973,15.568592057761732
BFF,4323,6.42820750347383,15.567892667129307
MAF,76134,4.298456757610871,15.563348832321958
CIU,6849,9.165764447695684,15.549715286903199
MSP,1281262,0.573076017334171,15.534527676618834
SJC,469801,1.677251339429434,15.524445456693368
JST,2819,-1.1352982954545454,15.50195104647038
MHK,12092,3.290830708008622,15.473040026463778
MLU,24312,5.246650451416086,15.45738729845344
SAT,338563,2.9156129757887883,15.454139997577998
CSG,11648,4.230689833132634,15.444711538461538
PIT,359884,1.0104385644955158,15.444698847406388
PUW,2295,5.632635253054101,15.42483660130719
HRL,33841,3.06185200545056,15.386661150675215
CRP,39902,2.9760930162477086,15.342589343892538
DBQ,4349,0.5545580110497238,15.313865256380776
PUB,3920,5.979049565661727,15.306122448979592
LRD,18710,5.5818142826506545,15.280598610368786
MOT,21346,4.17848755284171,15.211280802023799
LNK,17742,5.026897214217099,15.195581106977793
GSP,111458,2.876642473625988,15.18060614760717
LYH,2914,0.4498281786941581,15.133836650652025
KTN,23059,-0.18955613577023497,15.100394639836939
ILM,51714,3.7329352693716924,15.098425958154465
HVN,2511,2.537848605577689,15.09358821186778
ECP,62339,3.299079853291294,15.082051364314475
MFR,46024,4.63701671891327,15.081261950286805
APN,5896,7.614674191893279,15.061058344640434
ELM,10500,3.1470784481936898,15.057142857142857
PAH,5986,4.606700167504187,15.001670564650851
AZO,18049,1.592292764069864,14.953737049143998
VEL,3379,5.5366142899496,14.945250073986385
LAR,5956,5.579407806191117,14.942914707857621
JAN,65697,2.5198315840859165,14.918489428741038
PSG,7108,-0.5326071580138634,14.898705683736635
CDV,7088,-2.029982866933181,14.89841986455982
DDC,2897,12.395083102493075,14.877459440800827
ERI,6687,1.8281859070464768,14.849708389412292
CAE,55496,3.018740399385561,14.840709240305609
TUL,147076,2.5241888770009746,14.82974788544698
CGI,3220,3.684292866082603,14.813664596273293
BGM,6018,5.99833748960931,14.755732801595215
CLL,15436,3.7044025157232703,14.751230888831305
EAT,1378,5.325834542815675,14.731494920174166
OGG,245794,1.6046404563047463,14.704183177783023
JNU,43207,0.3562654134288772,14.611058393315899
GRB,42297,2.333522673482912,14.601508381209069
DVL,5974,8.616952607440123,14.59658520254436
TUS,163367,2.4023423600289573,14.591074084729474
FAY,22792,3.709397950657461,14.588452088452089
DEC,3778,9.94510739856802,14.584436209634728
MHT,64568,0.16588988317176237,14.578428943129722
BQK,8904,3.4365088291530763,14.566486972147349
SUN,14395,4.274658679297855,14.560611323376172
FCA,32800,3.265247446014559,14.548780487804876
MBS,19167,3.687522849532564,14.540616684927219
JMS,8313,6.137292851094714,14.507398051245039
CYS,2523,4.613095238095238,14.506539833531509
GPT,33584,3.4850772995881334,14.500952834683181
LBF,4347,5.790322580645161,14.492753623188406
TRI,24219,1.7587147996526487,14.463850695734754
TLH,45626,3.1039754008346145,14.450094244509708
PHF,10769,3.2480215994786334,14.402451481103167
CWA,15887,1.5738346054374566,14.401712091647259
BFL,24478,3.388363040360582,14.388430427322493
PDX,561010,1.358067362584757,14.343951088215897
BOI,189680,2.135636555731643,14.328869675242514
IDA,28460,4.582890336208414,14.318341531974701
SLC,1089638,1.1308067795736487,14.24785112119805
LCH,13570,3.7031457687195393,14.222549742078114
LSE,14214,1.6060712776447388,14.098775854791052
IMT,6849,3.60331184056272,14.060446780551905
EAU,5284,4.268472906403941,14.042392127176381
LBL,4068,3.4885270170244262,14.03638151425762
ABY,8894,5.124028387968909,14.020688104340003
WRG,7125,-0.450786007647642,14.007017543859648
CPR,13879,0.6773681552557536,13.970747171986456
PIR,1792,3.9910614525139665,13.950892857142858
GEG,139475,1.3022699690491408,13.854095716078149
ADQ,6605,0.03981831945495837,13.762301286903861
PLN,8835,5.591899251191286,13.74080362195812
OAJ,18989,2.545233950519597,13.723734793828005
BIL,38317,1.6017365833246155,13.597097893885222
HOB,4708,5.778014486578611,13.593882752761258
ISN,7521,0.9421144311938898,13.575322430527855
GFK,14192,1.5267277856135402,13.514656144306652
PSC,40998,1.93168370091447,13.449436557880873
RHI,8110,-2.041501976284585,13.427866831072748
FLG,17176,3.445869527196409,13.373311597578017
VLD,9339,4.977806368607269,13.341899560980833
GJT,35086,2.569346403360864,13.313002337114519
EWN,10122,2.1049920760697307,13.228610946453271
ANC,175229,-0.5878494402088056,13.221555792705544
BRO,18307,3.2051282051282053,13.213524881192987
DIK,2710,-0.498519615099926,13.210332103321033
OME,5977,-1.7166414268887766,13.183871507445208
DRT,2746,3.009864815491414,13.03714493809177
SIT,12761,-0.0033989407951940556,13.024057675730742
GCC,7904,3.7686254600837668,13.006072874493926
FAI,35007,-1.4868289334439264,12.940269089039337
YAK,7003,-4.736918184446372,12.937312580322718
BLI,17860,1.0878158338012354,12.911534154535273
BRD,6346,-0.5425598991172762,12.890009454774662
GTR,9570,0.05787545787545788,12.863113897596657
ABR,7211,4.623230641132389,12.855359866870058
DAB,26347,1.3310882800608828,12.771852582836758
HNL,493718,1.1070799941598262,12.734597482773566
SWO,4826,2.030082987551867,12.722751761292997
MLB,21778,0.29609684249286566,12.6641564881991
EAR,3150,4.4180197389366445,12.571428571428573
OTZ,5944,-1.812330623306233,12.567294751009422
LIH,127333,0.43180656575584825,12.197152348566357
KOA,139097,-0.06346703530106343,12.039799564332803
INL,6143,0.904037927088442,11.997395409409084
SGU,27528,1.202757266014332,11.936936936936938
GTF,21269,1.054581447963801,11.876439889040387
BJI,7186,2.283864680495615,11.828555524631227
ALW,2184,2.1631530705774518,11.813186813186812
WYS,2750,5.8588106530463335,11.600000000000001
TWF,9274,-1.3429899470327533,11.483717921069656
YUM,16867,2.564633929101597,11.442461611430604
HIB,6974,-0.937984496124031,11.29911098365357
YKM,1333,2.345086271567892,11.252813203300825
RKS,5912,2.0883350288233298,11.18064952638701
VCT,2520,-2.1291219705999205,10.277777777777777
ITO,59205,0.8953079575417484,10.127523013259015
CDC,6149,-2.2342122395833335,10.050414701577493
HLN,15069,-1.3600612190577588,9.741854137633553
GUM,5988,-2.543191311612364,9.702738810955244
SCC,6718,-5.67249434815373,9.67549866031557
LWS,8416,-0.4475032773209391,8.840304182509506
PIH,8282,-4.259729272419627,8.814296063752716
BTM,6660,-4.463110443275733,8.408408408408409
SPN,2353,-4.627284317892053,7.777305567360816
EKO,5462,0.5947233418834738,7.543024533138045
